Time,Height,Velocity
0.01,9.99902,-0.0981
0.02,9.99706,-0.1962
0.03,9.99411,-0.2943
0.04,9.99019,-0.3924
0.05,9.98528,-0.4905
0.06,9.9794,-0.5886
0.07,9.97253,-0.6867
0.08,9.96468,-0.7848
0.09,9.95585,-0.8829
0.1,9.94604,-0.981
0.11,9.93525,-1.0791
0.12,9.92348,-1.1772
0.13,9.91073,-1.2753
0.14,9.897,-1.3734
0.15,9.88228,-1.4715
0.16,9.86658,-1.5696
0.17,9.84991,-1.6677
0.18,9.83225,-1.7658
0.19,9.81361,-1.8639
0.2,9.79399,-1.962
0.21,9.77339,-2.0601
0.22,9.75181,-2.1582
0.23,9.72924,-2.2563
0.24,9.7057,-2.3544
0.25,9.68117,-2.4525
0.26,9.65567,-2.5506
0.27,9.62918,-2.6487
0.28,9.60171,-2.7468
0.29,9.57326,-2.8449
0.3,9.54383,-2.943
0.31,9.51342,-3.0411
0.32,9.48203,-3.1392
0.33,9.44966,-3.2373
0.34,9.4163,-3.3354
0.35,9.38197,-3.4335
0.36,9.34665,-3.5316
0.37,9.31036,-3.6297
0.38,9.27308,-3.7278
0.39,9.23482,-3.8259
0.4,9.19558,-3.924
0.41,9.15536,-4.0221
0.42,9.11416,-4.1202
0.43,9.07197,-4.2183
0.44,9.02881,-4.3164
0.45,8.98466,-4.4145
0.46,8.93954,-4.5126
0.47,8.89343,-4.6107
0.48,8.84634,-4.7088
0.49,8.79827,-4.8069
0.5,8.74922,-4.905
0.51,8.69919,-5.0031
0.52,8.64818,-5.1012
0.53,8.59619,-5.1993
0.54,8.54321,-5.2974
0.55,8.48926,-5.3955
0.56,8.43432,-5.4936
0.57,8.37841,-5.5917
0.58,8.32151,-5.6898
0.59,8.26363,-5.7879
0.6,8.20477,-5.886
0.61,8.14493,-5.9841
0.62,8.08411,-6.0822
0.63,8.0223,-6.1803
0.64,7.95952,-6.2784
0.65,7.89576,-6.3765
0.66,7.83101,-6.4746
0.67,7.76528,-6.5727
0.68,7.69857,-6.6708
0.69,7.63089,-6.7689
0.7,7.56222,-6.867
0.71,7.49256,-6.9651
0.72,7.42193,-7.0632
0.73,7.35032,-7.1613
0.74,7.27773,-7.2594
0.75,7.20415,-7.3575
0.76,7.12959,-7.4556
0.77,7.05406,-7.5537
0.78,6.97754,-7.6518
0.79,6.90004,-7.7499
0.8,6.82156,-7.848
0.81,6.7421,-7.9461
0.82,6.66166,-8.0442
0.83,6.58023,-8.1423
0.84,6.49783,-8.2404
0.85,6.41445,-8.3385
0.86,6.33008,-8.4366
0.87,6.24473,-8.5347
0.88,6.1584,-8.6328
0.89,6.0711,-8.7309
0.9,5.98281,-8.829
0.91,5.89353,-8.9271
0.92,5.80328,-9.0252
0.93,5.71205,-9.1233
0.94,5.61984,-9.2214
0.95,5.52664,-9.3195
0.96,5.43246,-9.4176
0.97,5.33731,-9.5157
0.98,5.24117,-9.6138
0.99,5.14405,-9.7119
1,5.04595,-9.81
1.01,4.94687,-9.9081
1.02,4.84681,-10.0062
1.03,4.74576,-10.1043
1.04,4.64374,-10.2024
1.05,4.54074,-10.3005
1.06,4.43675,-10.3986
1.07,4.33178,-10.4967
1.08,4.22583,-10.5948
1.09,4.11891,-10.6929
1.1,4.011,-10.791
1.11,3.9021,-10.8891
1.12,3.79223,-10.9872
1.13,3.68138,-11.0853
1.14,3.56955,-11.1834
1.15,3.45673,-11.2815
1.16,3.34293,-11.3796
1.17,3.22816,-11.4777
1.18,3.1124,-11.5758
1.19,2.99566,-11.6739
1.2,2.87794,-11.772
1.21,2.75924,-11.8701
1.22,2.63956,-11.9682
1.23,2.51889,-12.0663
1.24,2.39725,-12.1644
1.25,2.27463,-12.2625
1.26,2.15102,-12.3606
1.27,2.02643,-12.4587
1.28,1.90086,-12.5568
1.29,1.77432,-12.6549
1.3,1.64679,-12.753
1.31,1.51827,-12.8511
1.32,1.38878,-12.9492
1.33,1.25831,-13.0473
1.34,1.12686,-13.1454
1.35,0.99442,-13.2435
1.36,0.861004,-13.3416
1.37,0.726607,-13.4397
1.38,0.591229,-13.5378
1.39,0.45487,-13.6359
1.4,0.31753,-13.734
1.41,0.179209,-13.8321
1.42,0.039907,-13.9302
1.43,-0.100376,11.2226
1.44,0.0108694,11.1245
1.45,0.121134,11.0264
1.46,0.230417,10.9283
1.47,0.33872,10.8302
1.48,0.446041,10.7321
1.49,0.552381,10.634
1.5,0.657741,10.5359
1.51,0.762119,10.4378
1.52,0.865517,10.3397
1.53,0.967933,10.2416
1.54,1.06937,10.1435
1.55,1.16982,10.0454
1.56,1.2693,9.94734
1.57,1.36779,9.84924
1.58,1.4653,9.75114
1.59,1.56183,9.65304
1.6,1.65738,9.55494
1.61,1.75195,9.45684
1.62,1.84554,9.35874
1.63,1.93814,9.26064
1.64,2.02977,9.16254
1.65,2.12041,9.06444
1.66,2.21008,8.96634
1.67,2.29876,8.86824
1.68,2.38646,8.77014
1.69,2.47318,8.67204
1.7,2.55892,8.57394
1.71,2.64368,8.47584
1.72,2.72745,8.37774
1.73,2.81025,8.27964
1.74,2.89207,8.18154
1.75,2.9729,8.08344
1.76,3.05275,7.98534
1.77,3.13163,7.88724
1.78,3.20952,7.78914
1.79,3.28643,7.69104
1.8,3.36236,7.59294
1.81,3.43731,7.49484
1.82,3.51127,7.39674
1.83,3.58426,7.29864
1.84,3.65627,7.20054
1.85,3.72729,7.10244
1.86,3.79733,7.00434
1.87,3.8664,6.90624
1.88,3.93448,6.80814
1.89,4.00158,6.71004
1.9,4.0677,6.61194
1.91,4.13284,6.51384
1.92,4.19699,6.41574
1.93,4.26017,6.31764
1.94,4.32236,6.21954
1.95,4.38358,6.12144
1.96,4.44381,6.02334
1.97,4.50306,5.92524
1.98,4.56134,5.82714
1.99,4.61863,5.72904
2,4.67494,5.63094
2.01,4.73026,5.53284
2.02,4.78461,5.43474
2.03,4.83798,5.33664
2.04,4.89036,5.23854
2.05,4.94177,5.14044
2.06,4.99219,5.04234
2.07,5.04163,4.94424
2.08,5.0901,4.84614
2.09,5.13758,4.74804
2.1,5.18407,4.64994
2.11,5.22959,4.55184
2.12,5.27413,4.45374
2.13,5.31769,4.35564
2.14,5.36026,4.25754
2.15,5.40186,4.15944
2.16,5.44247,4.06134
2.17,5.4821,3.96324
2.18,5.52075,3.86514
2.19,5.55842,3.76704
2.2,5.59511,3.66894
2.21,5.63082,3.57084
2.22,5.66555,3.47274
2.23,5.6993,3.37464
2.24,5.73206,3.27654
2.25,5.76385,3.17844
2.26,5.79465,3.08034
2.27,5.82447,2.98224
2.28,5.85331,2.88414
2.29,5.88117,2.78604
2.3,5.90805,2.68794
2.31,5.93395,2.58984
2.32,5.95887,2.49174
2.33,5.98281,2.39364
2.34,6.00576,2.29554
2.35,6.02773,2.19744
2.36,6.04873,2.09934
2.37,6.06874,2.00124
2.38,6.08777,1.90314
2.39,6.10582,1.80504
2.4,6.12289,1.70694
2.41,6.13898,1.60884
2.42,6.15409,1.51074
2.43,6.16821,1.41264
2.44,6.18136,1.31454
2.45,6.19352,1.21644
2.46,6.20471,1.11834
2.47,6.21491,1.02024
2.48,6.22413,0.92214
2.49,6.23237,0.82404
2.5,6.23963,0.72594
2.51,6.24591,0.62784
2.52,6.25121,0.52974
2.53,6.25552,0.43164
2.54,6.25886,0.33354
2.55,6.26121,0.23544
2.56,6.26259,0.13734
2.57,6.26298,0.03924
2.58,6.26239,-0.05886
2.59,6.26082,-0.15696
2.6,6.25827,-0.25506
2.61,6.25474,-0.35316
2.62,6.25023,-0.45126
2.63,6.24473,-0.54936
2.64,6.23826,-0.64746
2.65,6.2308,-0.74556
2.66,6.22237,-0.84366
2.67,6.21295,-0.94176
2.68,6.20255,-1.03986
2.69,6.19117,-1.13796
2.7,6.17881,-1.23606
2.71,6.16547,-1.33416
2.72,6.15114,-1.43226
2.73,6.13584,-1.53036
2.74,6.11956,-1.62846
2.75,6.10229,-1.72656
2.76,6.08404,-1.82466
2.77,6.06482,-1.92276
2.78,6.04461,-2.02086
2.79,6.02342,-2.11896
2.8,6.00125,-2.21706
2.81,5.9781,-2.31516
2.82,5.95396,-2.41326
2.83,5.92885,-2.51136
2.84,5.90276,-2.60946
2.85,5.87568,-2.70756
2.86,5.84762,-2.80566
2.87,5.81859,-2.90376
2.88,5.78857,-3.00186
2.89,5.75757,-3.09996
2.9,5.72559,-3.19806
2.91,5.69263,-3.29616
2.92,5.65868,-3.39426
2.93,5.62376,-3.49236
2.94,5.58785,-3.59046
2.95,5.55097,-3.68856
2.96,5.5131,-3.78666
2.97,5.47425,-3.88476
2.98,5.43443,-3.98286
2.99,5.39362,-4.08096
3,5.35183,-4.17906
3.01,5.30905,-4.27716
3.02,5.2653,-4.37526
3.03,5.22057,-4.47336
3.04,5.17485,-4.57146
3.05,5.12816,-4.66956
3.06,5.08048,-4.76766
3.07,5.03182,-4.86576
3.08,4.98219,-4.96386
3.09,4.93157,-5.06196
3.1,4.87996,-5.16006
3.11,4.82738,-5.25816
3.12,4.77382,-5.35626
3.13,4.71928,-5.45436
3.14,4.66375,-5.55246
3.15,4.60725,-5.65056
3.16,4.54976,-5.74866
3.17,4.49129,-5.84676
3.18,4.43184,-5.94486
3.19,4.37141,-6.04296
3.2,4.31,-6.14106
3.21,4.24761,-6.23916
3.22,4.18424,-6.33726
3.23,4.11989,-6.43536
3.24,4.05455,-6.53346
3.25,3.98824,-6.63156
3.26,3.92094,-6.72966
3.27,3.85266,-6.82776
3.28,3.7834,-6.92586
3.29,3.71316,-7.02396
3.3,3.64194,-7.12206
3.31,3.56974,-7.22016
3.32,3.49656,-7.31826
3.33,3.4224,-7.41636
3.34,3.34725,-7.51446
3.35,3.27112,-7.61256
3.36,3.19402,-7.71066
3.37,3.11593,-7.80876
3.38,3.03686,-7.90686
3.39,2.95681,-8.00496
3.4,2.87578,-8.10306
3.41,2.79377,-8.20116
3.42,2.71078,-8.29926
3.43,2.6268,-8.39736
3.44,2.54185,-8.49546
3.45,2.45591,-8.59356
3.46,2.369,-8.69166
3.47,2.2811,-8.78976
3.48,2.19222,-8.88786
3.49,2.10236,-8.98596
3.5,2.01152,-9.08406
3.51,1.9197,-9.18216
3.52,1.8269,-9.28026
3.53,1.73311,-9.37836
3.54,1.63835,-9.47646
3.55,1.5426,-9.57456
3.56,1.44588,-9.67266
3.57,1.34817,-9.77076
3.58,1.24948,-9.86886
3.59,1.14981,-9.96696
3.6,1.04916,-10.0651
3.61,0.947528,-10.1632
3.62,0.844916,-10.2613
3.63,0.741322,-10.3594
3.64,0.636747,-10.4575
3.65,0.531192,-10.5556
3.66,0.424655,-10.6537
3.67,0.317138,-10.7518
3.68,0.208639,-10.8499
3.69,0.0991594,-10.948
3.7,-0.0113012,8.83685
3.71,0.0760863,8.73875
3.72,0.162493,8.64065
3.73,0.247918,8.54255
3.74,0.332363,8.44445
3.75,0.415826,8.34635
3.76,0.498309,8.24825
3.77,0.57981,8.15015
3.78,0.660331,8.05205
3.79,0.73987,7.95395
3.8,0.818429,7.85585
3.81,0.896006,7.75775
3.82,0.972603,7.65965
3.83,1.04822,7.56155
3.84,1.12285,7.46345
3.85,1.19651,7.36535
3.86,1.26918,7.26725
3.87,1.34087,7.16915
3.88,1.41158,7.07105
3.89,1.48131,6.97295
3.9,1.55006,6.87485
3.91,1.61783,6.77675
3.92,1.68461,6.67865
3.93,1.75042,6.58055
3.94,1.81524,6.48245
3.95,1.87909,6.38435
3.96,1.94195,6.28625
3.97,2.00383,6.18815
3.98,2.06473,6.09005
3.99,2.12465,5.99195
4,2.18359,5.89385
4.01,2.24155,5.79575
4.02,2.29852,5.69765
4.03,2.35452,5.59955
4.04,2.40953,5.50145
4.05,2.46357,5.40335
4.06,2.51662,5.30525
4.07,2.56869,5.20715
4.08,2.61978,5.10905
4.09,2.66989,5.01095
4.1,2.71902,4.91285
4.11,2.76717,4.81475
4.12,2.81433,4.71665
4.13,2.86052,4.61855
4.14,2.90572,4.52045
4.15,2.94995,4.42235
4.16,2.99319,4.32425
4.17,3.03545,4.22615
4.18,3.07673,4.12805
4.19,3.11703,4.02995
4.2,3.15635,3.93185
4.21,3.19469,3.83375
4.22,3.23204,3.73565
4.23,3.26842,3.63755
4.24,3.30381,3.53945
4.25,3.33823,3.44135
4.26,3.37166,3.34325
4.27,3.40411,3.24515
4.28,3.43558,3.14705
4.29,3.46607,3.04895
4.3,3.49558,2.95085
4.31,3.52411,2.85275
4.32,3.55165,2.75465
4.33,3.57822,2.65655
4.34,3.6038,2.55845
4.35,3.62841,2.46035
4.36,3.65203,2.36225
4.37,3.67467,2.26415
4.38,3.69633,2.16605
4.39,3.71701,2.06795
4.4,3.73671,1.96985
4.41,3.75542,1.87175
4.42,3.77316,1.77365
4.43,3.78992,1.67555
4.44,3.80569,1.57745
4.45,3.82048,1.47935
4.46,3.8343,1.38125
4.47,3.84713,1.28315
4.48,3.85898,1.18505
4.49,3.86985,1.08695
4.5,3.87974,0.988848
4.51,3.88864,0.890748
4.52,3.89657,0.792648
4.53,3.90352,0.694548
4.54,3.90948,0.596448
4.55,3.91446,0.498348
4.56,3.91847,0.400248
4.57,3.92149,0.302148
4.58,3.92353,0.204048
4.59,3.92459,0.105948
4.6,3.92467,0.007848
4.61,3.92376,-0.090252
4.62,3.92188,-0.188352
4.63,3.91902,-0.286452
4.64,3.91517,-0.384552
4.65,3.91034,-0.482652
4.66,3.90454,-0.580752
4.67,3.89775,-0.678852
4.68,3.88998,-0.776952
4.69,3.88123,-0.875052
4.7,3.8715,-0.973152
4.71,3.86078,-1.07125
4.72,3.84909,-1.16935
4.73,3.83642,-1.26745
4.74,3.82276,-1.36555
4.75,3.80812,-1.46365
4.76,3.79251,-1.56175
4.77,3.77591,-1.65985
4.78,3.75833,-1.75795
4.79,3.73977,-1.85605
4.8,3.72023,-1.95415
4.81,3.6997,-2.05225
4.82,3.6782,-2.15035
4.83,3.65572,-2.24845
4.84,3.63225,-2.34655
4.85,3.6078,-2.44465
4.86,3.58238,-2.54275
4.87,3.55597,-2.64085
4.88,3.52858,-2.73895
4.89,3.50021,-2.83705
4.9,3.47086,-2.93515
4.91,3.44052,-3.03325
4.92,3.40921,-3.13135
4.93,3.37692,-3.22945
4.94,3.34364,-3.32755
4.95,3.30938,-3.42565
4.96,3.27415,-3.52375
4.97,3.23793,-3.62185
4.98,3.20073,-3.71995
4.99,3.16255,-3.81805
5,3.12339,-3.91615
5.01,3.08324,-4.01425
5.02,3.04212,-4.11235
5.03,3.00002,-4.21045
5.04,2.95693,-4.30855
5.05,2.91286,-4.40665
5.06,2.86782,-4.50475
5.07,2.82179,-4.60285
5.08,2.77478,-4.70095
5.09,2.72679,-4.79905
5.1,2.67782,-4.89715
5.11,2.62786,-4.99525
5.12,2.57693,-5.09335
5.13,2.52502,-5.19145
5.14,2.47212,-5.28955
5.15,2.41824,-5.38765
5.16,2.36339,-5.48575
5.17,2.30755,-5.58385
5.18,2.25073,-5.68195
5.19,2.19293,-5.78005
5.2,2.13415,-5.87815
5.21,2.07438,-5.97625
5.22,2.01364,-6.07435
5.23,1.95192,-6.17245
5.24,1.88921,-6.27055
5.25,1.82552,-6.36865
5.26,1.76086,-6.46675
5.27,1.69521,-6.56485
5.28,1.62858,-6.66295
5.29,1.56097,-6.76105
5.3,1.49238,-6.85915
5.31,1.4228,-6.95725
5.32,1.35225,-7.05535
5.33,1.28072,-7.15345
5.34,1.2082,-7.25155
5.35,1.1347,-7.34965
5.36,1.06023,-7.44775
5.37,0.984767,-7.54585
5.38,0.908327,-7.64395
5.39,0.830907,-7.74205
5.4,0.752505,-7.84015
5.41,0.673123,-7.93825
5.42,0.592759,-8.03635
5.43,0.511415,-8.13445
5.44,0.429089,-8.23255
5.45,0.345783,-8.33065
5.46,0.261495,-8.42875
5.47,0.176227,-8.52685
5.48,0.0899772,-8.62495
5.49,0.00274672,-8.72305
5.5,-0.0854648,7.05692
5.51,-0.0158766,6.95882
5.52,0.0527306,6.86072
5.53,0.120357,6.76262
5.54,0.187002,6.66452
5.55,0.252666,6.56642
5.56,0.317349,6.46832
5.57,0.381052,6.37022
5.58,0.443773,6.27212
5.59,0.505513,6.17402
5.6,0.566272,6.07592
5.61,0.626051,5.97782
5.62,0.684848,5.87972
5.63,0.742664,5.78162
5.64,0.799499,5.68352
5.65,0.855353,5.58542
5.66,0.910227,5.48732
5.67,0.964119,5.38922
5.68,1.01703,5.29112
5.69,1.06896,5.19302
5.7,1.11991,5.09492
5.71,1.16988,4.99682
5.72,1.21886,4.89872
5.73,1.26687,4.80062
5.74,1.3139,4.70252
5.75,1.35994,4.60442
5.76,1.405,4.50632
5.77,1.44909,4.40822
5.78,1.49219,4.31012
5.79,1.53431,4.21202
5.8,1.57545,4.11392
5.81,1.6156,4.01582
5.82,1.65478,3.91772
5.83,1.69298,3.81962
5.84,1.73019,3.72152
5.85,1.76643,3.62342
5.86,1.80168,3.52532
5.87,1.83595,3.42722
5.88,1.86924,3.32912
5.89,1.90155,3.23102
5.9,1.93288,3.13292
5.91,1.96323,3.03482
5.92,1.9926,2.93672
5.93,2.02099,2.83862
5.94,2.04839,2.74052
5.95,2.07481,2.64242
5.96,2.10026,2.54432
5.97,2.12472,2.44622
5.98,2.1482,2.34812
5.99,2.1707,2.25002
6,2.19222,2.15192
6.01,2.21276,2.05382
6.02,2.23232,1.95572
6.03,2.25089,1.85762
6.04,2.26849,1.75952
6.05,2.2851,1.66142
6.06,2.30074,1.56332
6.07,2.31539,1.46522
6.08,2.32906,1.36712
6.09,2.34175,1.26902
6.1,2.35346,1.17092
6.11,2.36419,1.07282
6.12,2.37393,0.974722
6.13,2.3827,0.876622
6.14,2.39049,0.778522
6.15,2.39729,0.680422
6.16,2.40311,0.582322
6.17,2.40795,0.484222
6.18,2.41182,0.386122
6.19,2.4147,0.288022
6.2,2.4166,0.189922
6.21,2.41751,0.0918216
6.22,2.41745,-0.0062784
6.23,2.41641,-0.104378
6.24,2.41438,-0.202478
6.25,2.41138,-0.300578
6.26,2.40739,-0.398678
6.27,2.40242,-0.496778
6.28,2.39647,-0.594878
6.29,2.38954,-0.692978
6.3,2.38163,-0.791078
6.31,2.37274,-0.889178
6.32,2.36287,-0.987278
6.33,2.35201,-1.08538
6.34,2.34018,-1.18348
6.35,2.32736,-1.28158
6.36,2.31357,-1.37968
6.37,2.29879,-1.47778
6.38,2.28303,-1.57588
6.39,2.26629,-1.67398
6.4,2.24857,-1.77208
6.41,2.22987,-1.87018
6.42,2.21019,-1.96828
6.43,2.18952,-2.06638
6.44,2.16788,-2.16448
6.45,2.14525,-2.26258
6.46,2.12164,-2.36068
6.47,2.09706,-2.45878
6.48,2.07149,-2.55688
6.49,2.04494,-2.65498
6.5,2.01741,-2.75308
6.51,1.9889,-2.85118
6.52,1.9594,-2.94928
6.53,1.92893,-3.04738
6.54,1.89747,-3.14548
6.55,1.86504,-3.24358
6.56,1.83162,-3.34168
6.57,1.79722,-3.43978
6.58,1.76184,-3.53788
6.59,1.72548,-3.63598
6.6,1.68814,-3.73408
6.61,1.64982,-3.83218
6.62,1.61052,-3.93028
6.63,1.57024,-4.02838
6.64,1.52897,-4.12648
6.65,1.48673,-4.22458
6.66,1.4435,-4.32268
6.67,1.39929,-4.42078
6.68,1.3541,-4.51888
6.69,1.30793,-4.61698
6.7,1.26078,-4.71508
6.71,1.21265,-4.81318
6.72,1.16354,-4.91128
6.73,1.11344,-5.00938
6.74,1.06237,-5.10748
6.75,1.01031,-5.20558
6.76,0.957275,-5.30368
6.77,0.903258,-5.40178
6.78,0.848259,-5.49988
6.79,0.792279,-5.59798
6.8,0.735318,-5.69608
6.81,0.677376,-5.79418
6.82,0.618454,-5.89228
6.83,0.55855,-5.99038
6.84,0.497665,-6.08848
6.85,0.435799,-6.18658
6.86,0.372953,-6.28468
6.87,0.309125,-6.38278
6.88,0.244316,-6.48088
6.89,0.178526,-6.57898
6.9,0.111755,-6.67708
6.91,0.0440037,-6.77518
6.92,-0.0247291,5.49862
6.93,0.0292761,5.40052
6.94,0.0823003,5.30242
6.95,0.134344,5.20432
6.96,0.185406,5.10622
6.97,0.235487,5.00812
6.98,0.284587,4.91002
6.99,0.332706,4.81192
7,0.379845,4.71382
7.01,0.426002,4.61572
7.02,0.471178,4.51762
7.03,0.515373,4.41952
7.04,0.558588,4.32142
7.05,0.600821,4.22332
7.06,0.642073,4.12522
7.07,0.682344,4.02712
7.08,0.721635,3.92902
7.09,0.759944,3.83092
7.1,0.797272,3.73282
7.11,0.833619,3.63472
7.12,0.868985,3.53662
7.13,0.903371,3.43852
7.14,0.936775,3.34042
7.15,0.969198,3.24232
7.16,1.00064,3.14422
7.17,1.0311,3.04612
7.18,1.06058,2.94802
7.19,1.08908,2.84992
7.2,1.1166,2.75182
7.21,1.14314,2.65372
7.22,1.16869,2.55562
7.23,1.19327,2.45752
7.24,1.21686,2.35942
7.25,1.23948,2.26132
7.26,1.26111,2.16322
7.27,1.28176,2.06512
7.28,1.30143,1.96702
7.29,1.32012,1.86892
7.3,1.33783,1.77082
7.31,1.35455,1.67272
7.32,1.3703,1.57462
7.33,1.38507,1.47652
7.34,1.39885,1.37842
7.35,1.41165,1.28032
7.36,1.42347,1.18222
7.37,1.43432,1.08412
7.38,1.44418,0.986023
7.39,1.45306,0.887923
7.4,1.46095,0.789823
7.41,1.46787,0.691723
7.42,1.47381,0.593623
7.43,1.47876,0.495523
7.44,1.48274,0.397423
7.45,1.48573,0.299323
7.46,1.48774,0.201223
7.47,1.48877,0.103123
7.48,1.48882,0.00502272
7.49,1.48789,-0.0930773
7.5,1.48598,-0.191177
7.51,1.48309,-0.289277
7.52,1.47921,-0.387377
7.53,1.47436,-0.485477
7.54,1.46852,-0.583577
7.55,1.46171,-0.681677
7.56,1.45391,-0.779777
7.57,1.44513,-0.877877
7.58,1.43537,-0.975977
7.59,1.42463,-1.07408
7.6,1.41291,-1.17218
7.61,1.40021,-1.27028
7.62,1.38652,-1.36838
7.63,1.37186,-1.46648
7.64,1.35621,-1.56458
7.65,1.33958,-1.66268
7.66,1.32198,-1.76078
7.67,1.30339,-1.85888
7.68,1.28382,-1.95698
7.69,1.26327,-2.05508
7.7,1.24174,-2.15318
7.71,1.21922,-2.25128
7.72,1.19573,-2.34938
7.73,1.17125,-2.44748
7.74,1.1458,-2.54558
7.75,1.11936,-2.64368
7.76,1.09194,-2.74178
7.77,1.06355,-2.83988
7.78,1.03417,-2.93798
7.79,1.0038,-3.03608
7.8,0.972463,-3.13418
7.81,0.94014,-3.23228
7.82,0.906836,-3.33038
7.83,0.872552,-3.42848
7.84,0.837286,-3.52658
7.85,0.801039,-3.62468
7.86,0.763811,-3.72278
7.87,0.725602,-3.82088
7.88,0.686413,-3.91898
7.89,0.646242,-4.01708
7.9,0.60509,-4.11518
7.91,0.562957,-4.21328
7.92,0.519844,-4.31138
7.93,0.475749,-4.40948
7.94,0.430673,-4.50758
7.95,0.384616,-4.60568
7.96,0.337579,-4.70378
7.97,0.28956,-4.80188
7.98,0.24056,-4.89998
7.99,0.190579,-4.99808
8,0.139617,-5.09618
8.01,0.0876746,-5.19428
8.02,0.0347509,-5.29238
8.03,-0.0191539,4.31238
8.04,0.0229889,4.21428
8.05,0.0641507,4.11618
8.06,0.104332,4.01808
8.07,0.143531,3.91998
8.08,0.18175,3.82188
8.09,0.218988,3.72378
8.1,0.255245,3.62568
8.11,0.290521,3.52758
8.12,0.324815,3.42948
8.13,0.358129,3.33138
8.14,0.390462,3.23328
8.15,0.421814,3.13518
8.16,0.452185,3.03708
8.17,0.481575,2.93898
8.18,0.509983,2.84088
8.19,0.537411,2.74278
8.2,0.563858,2.64468
8.21,0.589324,2.54658
8.22,0.613809,2.44848
8.23,0.637312,2.35038
8.24,0.659835,2.25228
8.25,0.681377,2.15418
8.26,0.701938,2.05608
8.27,0.721518,1.95798
8.28,0.740117,1.85988
8.29,0.757734,1.76178
8.3,0.774371,1.66368
8.31,0.790027,1.56558
8.32,0.804702,1.46748
8.33,0.818396,1.36938
8.34,0.831108,1.27128
8.35,0.84284,1.17318
8.36,0.853591,1.07508
8.37,0.863361,0.976982
8.38,0.87215,0.878882
8.39,0.879958,0.780782
8.4,0.886784,0.682682
8.41,0.89263,0.584582
8.42,0.897495,0.486482
8.43,0.901379,0.388382
8.44,0.904282,0.290282
8.45,0.906203,0.192182
8.46,0.907144,0.0940818
8.47,0.907104,-0.00401818
8.48,0.906083,-0.102118
8.49,0.904081,-0.200218
8.5,0.901098,-0.298318
8.51,0.897133,-0.396418
8.52,0.892188,-0.494518
8.53,0.886262,-0.592618
8.54,0.879355,-0.690718
8.55,0.871467,-0.788818
8.56,0.862597,-0.886918
8.57,0.852747,-0.985018
8.58,0.841916,-1.08312
8.59,0.830104,-1.18122
8.6,0.817311,-1.27932
8.61,0.803537,-1.37742
8.62,0.788781,-1.47552
8.63,0.773045,-1.57362
8.64,0.756328,-1.67172
8.65,0.73863,-1.76982
8.66,0.719951,-1.86792
8.67,0.70029,-1.96602
8.68,0.679649,-2.06412
8.69,0.658027,-2.16222
8.7,0.635424,-2.26032
8.71,0.61184,-2.35842
8.72,0.587275,-2.45652
8.73,0.561728,-2.55462
8.74,0.535201,-2.65272
8.75,0.507693,-2.75082
8.76,0.479204,-2.84892
8.77,0.449734,-2.94702
8.78,0.419282,-3.04512
8.79,0.38785,-3.14322
8.8,0.355437,-3.24132
8.81,0.322043,-3.33942
8.82,0.287668,-3.43752
8.83,0.252312,-3.53562
8.84,0.215974,-3.63372
8.85,0.178656,-3.73182
8.86,0.140357,-3.82992
8.87,0.101077,-3.92802
8.88,0.0608156,-4.02612
8.89,0.0195735,-4.12422
8.9,-0.0226497,3.37785
8.91,0.0101478,3.27975
8.92,0.0419644,3.18165
8.93,0.0727999,3.08355
8.94,0.102654,2.98545
8.95,0.131528,2.88735
8.96,0.159421,2.78925
8.97,0.186332,2.69115
8.98,0.212263,2.59305
8.99,0.237212,2.49495
9,0.261181,2.39685
9.01,0.284168,2.29875
9.02,0.306175,2.20065
9.03,0.3272,2.10255
9.04,0.347245,2.00445
9.05,0.366308,1.90635
9.06,0.384391,1.80825
9.07,0.401493,1.71015
9.08,0.417613,1.61205
9.09,0.432753,1.51395
9.1,0.446911,1.41585
9.11,0.460089,1.31775
9.12,0.472285,1.21965
9.13,0.483501,1.12155
9.14,0.493735,1.02345
9.15,0.502989,0.925355
9.16,0.511261,0.827255
9.17,0.518553,0.729155
9.18,0.524864,0.631055
9.19,0.530193,0.532955
9.2,0.534542,0.434855
9.21,0.537909,0.336755
9.22,0.540296,0.238655
9.23,0.541701,0.140555
9.24,0.542126,0.0424545
9.25,0.541569,-0.0556455
9.26,0.540032,-0.153745
9.27,0.537513,-0.251845
9.28,0.534014,-0.349945
9.29,0.529534,-0.448045
9.3,0.524072,-0.546145
9.31,0.51763,-0.644245
9.32,0.510206,-0.742345
9.33,0.501802,-0.840445
9.34,0.492416,-0.938545
9.35,0.48205,-1.03665
9.36,0.470702,-1.13475
9.37,0.458374,-1.23285
9.38,0.445064,-1.33095
9.39,0.430774,-1.42905
9.4,0.415503,-1.52715
9.41,0.39925,-1.62525
9.42,0.382017,-1.72335
9.43,0.363802,-1.82145
9.44,0.344607,-1.91955
9.45,0.32443,-2.01765
9.46,0.303273,-2.11575
9.47,0.281134,-2.21385
9.48,0.258015,-2.31195
9.49,0.233914,-2.41005
9.5,0.208833,-2.50815
9.51,0.182771,-2.60625
9.52,0.155727,-2.70435
9.53,0.127703,-2.80245
9.54,0.0986972,-2.90055
9.55,0.0687107,-2.99865
9.56,0.0377433,-3.09675
9.57,0.00579482,-3.19485
9.58,-0.0271346,2.63436
9.59,-0.00177207,2.53626
9.6,0.0226095,2.43816
9.61,0.0460101,2.34006
9.62,0.0684296,2.24196
9.63,0.0898682,2.14386
9.64,0.110326,2.04576
9.65,0.129802,1.94766
9.66,0.148298,1.84956
9.67,0.165812,1.75146
9.68,0.182346,1.65336
9.69,0.197899,1.55526
9.7,0.21247,1.45716
9.71,0.226061,1.35906
9.72,0.23867,1.26096
9.73,0.250299,1.16286
9.74,0.260946,1.06476
9.75,0.270613,0.966656
9.76,0.279299,0.868556
9.77,0.287003,0.770456
9.78,0.293727,0.672356
9.79,0.299469,0.574256
9.8,0.304231,0.476156
9.81,0.308011,0.378056
9.82,0.310811,0.279956
9.83,0.312629,0.181856
9.84,0.313467,0.0837564
9.85,0.313324,-0.0143436
9.86,0.312199,-0.112444
9.87,0.310094,-0.210544
9.88,0.307007,-0.308644
9.89,0.30294,-0.406744
9.9,0.297891,-0.504844
9.91,0.291862,-0.602944
9.92,0.284852,-0.701044
9.93,0.27686,-0.799144
9.94,0.267888,-0.897244
9.95,0.257934,-0.995344
9.96,0.247,-1.09344
9.97,0.235084,-1.19154
9.98,0.222188,-1.28964
9.99,0.20831,-1.38774
10,0.193452,-1.48584
10.01,0.177613,-1.58394
